k,wcss,silhouette,dbi
2,9685.491307469565,0.5311295961362522,0.7445457213205183
3,6541.8948740702135,0.581001402197435,0.654529495940083
4,3929.0918883550644,0.5098744270744258,0.6547329080430195
5,3114.6340663829988,0.456501070201971,0.6753315095098659
6,2680.284383652765,0.44916461106946154,0.7868422646281701
7,2370.587856873896,0.3694630762435278,0.865318745586345
