,dbi,sil
K-Means++,0.6753315095098659,0.4563247893560004
GMM,2.9495970244498295,0.1010948555026684
BIRCH,1.024401861146992,0.39160164721455304
